Symbol,Date_1,Date_2,Date_3,Date_4,Date_5,Date_6,Date_7,Date_8,Date_9,Date_10,Date_11
Jabil Inc.,20.799999237060547,24.8700008392334,19.32999992370605,17.530000686645508,24.65999984741211,18.6200008392334,31.030000686645508,29.489999771118164,36.40999984741211,38.380001068115234,71.30000305175781
Jabil Inc.,20.11000061035156,19.3700008392334,18.0,23.34000015258789,18.5,29.190000534057617,28.40999984741211,31.63999938964844,36.22999954223633,62.25,68.94999694824219
Jabil Inc.,19.600000381469727,18.010000228881836,22.21999931335449,18.059999465942383,29.86000061035156,27.64999961853028,27.88999938964844,31.26000022888184,62.36000061035156,69.22000122070312,128.4499969482422
"Paychex, Inc.",30.75,31.68000030517578,33.790000915527344,40.84000015258789,49.720001220703125,59.43999862670898,55.93999862670898,74.55000305175781,84.7300033569336,91.97000122070312,135.63999938964844
"Paychex, Inc.",30.43000030517578,33.220001220703125,42.2400016784668,48.97999954223633,53.66999816894531,56.93999862670898,70.4000015258789,80.73999786376953,83.27999877929688,124.37999725341795,115.12999725341795
"Paychex, Inc.",31.850000381469727,40.900001525878906,51.0099983215332,53.560001373291016,59.11000061035156,68.04000091552734,80.87999725341797,75.77999877929688,119.1500015258789,121.5500030517578,120.18000030517578
KLA Corporation,38.47999954223633,50.77000045776367,51.72999954223633,66.4000015258789,59.97999954223633,72.5,92.01000213623048,105.62000274658205,161.50999450683594,250.2400054931641,440.1700134277344
KLA Corporation,47.459999084472656,56.790000915527344,67.77999877929688,58.560001373291016,71.7300033569336,91.51000213623048,118.2699966430664,148.75,213.08999633789065,407.8999938964844,371.1000061035156
KLA Corporation,49.56999969482422,62.2400016784668,61.91999816894531,73.12000274658203,104.8499984741211,103.8000030517578,126.45999908447266,174.4600067138672,329.1000061035156,372.1099853515625,591.3699951171875
"Advanced Micro Devices, Inc.",8.770000457763672,7.239999771118164,2.650000095367432,4.119999885559082,2.2799999713897705,5.070000171661377,13.43000030517578,30.100000381469727,31.13999938964844,85.30999755859375,154.36000061035156
"Advanced Micro Devices, Inc.",5.480000019073486,2.569999933242798,3.799999952316284,2.490000009536743,4.179999828338623,12.479999542236328,19.43000030517578,30.229999542236328,83.12999725341797,152.52000427246094,63.27000045776367
"Advanced Micro Devices, Inc.",2.5299999713897705,3.470000028610229,2.759999990463257,2.619999885559082,10.979999542236328,15.15999984741211,27.989999771118164,81.91000366210938,112.12000274658205,72.45999908447266,143.41000366210938
"VeriSign, Inc.",33.20000076293945,36.869998931884766,45.22999954223633,50.58000183105469,64.4800033569336,85.33999633789062,99.31999969482422,161.6199951171875,186.5500030517578,196.57000732421875,252.0
"VeriSign, Inc.",35.81999969482422,44.97999954223633,51.68000030517578,66.48999786376953,84.30999755859375,92.95999908447266,152.05999755859375,196.7100067138672,208.6000061035156,241.5,204.07000732421875
"VeriSign, Inc.",39.84999847412109,52.68000030517578,64.05000305175781,88.79000091552734,90.66999816894533,140.22000122070312,200.3000030517578,200.3300018310547,214.47000122070312,195.509994506836,206.8300018310547
Intuit Inc.,49.290000915527344,57.59999847412109,65.41000366210938,74.0,105.19000244140624,111.91000366210938,136.64999389648438,226.0200042724609,266.5299987792969,343.3299865722656,652.77001953125
Intuit Inc.,52.459999084472656,62.25,80.55000305175781,96.6500015258789,105.0199966430664,132.80999755859375,207.47999572753903,267.5599975585937,341.9700012207031,661.6300048828125,383.1099853515625
Intuit Inc.,61.95000076293945,71.44999694824219,99.37999725341795,103.91999816894533,138.36000061035156,205.44000244140625,263.5299987792969,328.2099914550781,552.1599731445312,375.0,624.8499755859375
Garmin Ltd.,31.06999969482422,43.47999954223633,34.36000061035156,56.5099983215332,45.459999084472656,42.470001220703125,52.09999847412109,68.4000015258789,87.48999786376953,114.66000366210938,135.94000244140625
Garmin Ltd.,39.59999847412109,38.15999984741211,53.369998931884766,47.56999969482422,41.290000915527344,51.02999877929688,64.55000305175781,83.91000366210938,99.02999877929688,142.5,91.77999877929688
Garmin Ltd.,42.150001525878906,45.52999877929688,48.7400016784668,42.59999847412109,52.08000183105469,60.91999816894531,75.3499984741211,101.13999938964844,156.1300048828125,90.4499969482422,128.91000366210938
Texas Instruments Incorporated,32.66999816894531,33.79999923706055,34.619998931884766,46.11000061035156,55.970001220703125,62.11000061035156,82.16999816894531,106.0500030517578,130.1300048828125,157.4199981689453,191.83999633789065
Texas Instruments Incorporated,29.76000022888184,33.41999816894531,45.27000045776367,58.16999816894531,60.43999862670898,76.93000030517578,113.11000061035156,127.04000091552734,152.5500030517578,192.5,163.77999877929688
Texas Instruments Incorporated,32.310001373291016,41.95000076293945,58.33000183105469,58.41999816894531,80.79000091552734,110.23999786376952,116.93000030517578,139.67999267578125,194.4499969482422,172.39999389648438,170.80999755859375
"Leidos Holdings, Inc.",39.40740585327149,31.62962913513184,31.20987701416016,37.25,42.52999877929688,48.68999862670898,56.34999847412109,70.20999908447266,81.70999908447266,102.37999725341795,87.87000274658203
"Leidos Holdings, Inc.",31.11111068725586,29.97530937194824,42.4900016784668,41.650001525878906,49.4900016784668,51.68999862670898,69.68000030517578,83.98999786376953,87.77999877929688,93.38999938964844,105.91000366210938
"Leidos Holdings, Inc.",28.296295166015625,44.7599983215332,44.150001525878906,51.630001068115234,55.130001068115234,59.380001068115234,78.9800033569336,87.16999816894531,100.29000091552734,107.68000030517578,107.9000015258789
"Skyworks Solutions, Inc.",29.6299991607666,24.549999237060547,21.56999969482422,37.02000045776367,108.62999725341795,62.59999847412109,104.5,85.83000183105469,87.55000305175781,138.02999877929688,155.36000061035156
"Skyworks Solutions, Inc.",16.81999969482422,23.770000457763672,36.880001068115234,94.93000030517578,66.2699966430664,95.9499969482422,95.08999633789062,80.30000305175781,153.3800048828125,156.52999877929688,88.05999755859375
"Skyworks Solutions, Inc.",21.64999961853028,30.46999931335449,96.77999877929688,72.2300033569336,106.04000091552734,97.05999755859376,75.81999969482422,137.61000061035156,160.52999877929688,92.08000183105467,114.51000213623048
"Gartner, Inc.",33.34000015258789,37.810001373291016,53.209999084472656,67.5,88.41000366210938,97.4000015258789,126.25,155.02999877929688,144.77000427246094,152.61000061035156,335.5799865722656
"Gartner, Inc.",34.70000076293945,50.29999923706055,72.48999786376953,83.86000061035156,101.5199966430664,123.51000213623048,140.02999877929688,134.63999938964844,129.58999633789062,321.8299865722656,335.6600036621094
"Gartner, Inc.",47.41999816894531,65.33000183105469,81.44999694824219,89.02999877929688,117.87999725341795,133.3300018310547,128.02000427246094,131.27999877929688,311.2799987792969,338.2699890136719,446.4700012207031
Microsoft Corporation,28.09000015258789,30.770000457763672,28.100000381469727,39.93999862670898,47.61000061035156,51.15999984741211,72.4000015258789,111.23999786376952,139.69000244140625,210.1100006103516,342.45001220703125
Microsoft Corporation,26.770000457763672,27.280000686645508,38.04999923706055,42.90999984741211,52.119998931884766,68.93000030517578,108.12999725341795,136.0800018310547,219.6600036621093,339.8299865722656,236.9600067138672
Microsoft Corporation,27.6200008392334,36.560001373291016,41.560001373291016,56.38999938964844,69.62000274658203,100.01000213623048,132.2100067138672,211.2899932861328,304.2099914550781,242.0500030517578,374.6600036621094
Corning Incorporated,19.06999969482422,13.789999961853027,12.850000381469728,21.020000457763672,21.1299991607666,20.290000915527344,29.239999771118164,33.54999923706055,29.350000381469727,36.630001068115234,37.369998931884766
Corning Incorporated,13.039999961853027,12.31999969482422,19.1299991607666,22.68000030517578,20.0,30.049999237060547,32.939998626708984,29.190000534057617,34.959999084472656,38.709999084472656,31.89999961853028
Corning Incorporated,12.859999656677246,18.36000061035156,23.709999084472656,20.93000030517578,29.56999969482422,27.709999084472656,28.18000030517578,33.06999969482422,37.95000076293945,33.65999984741211,30.450000762939453
Intel Corporation,21.14999961853028,26.86000061035156,21.26000022888184,26.950000762939453,33.709999084472656,32.75,36.43000030517578,44.93000030517578,51.86000061035156,46.060001373291016,51.93999862670898
Intel Corporation,24.540000915527344,20.809999465942383,24.700000762939453,32.72999954223633,31.38999938964844,33.7400016784668,49.29999923706055,51.81999969482422,53.84999847412109,49.83000183105469,25.940000534057617
Intel Corporation,21.3799991607666,24.209999084472656,30.82999992370605,31.600000381469727,36.2599983215332,50.20000076293945,46.970001220703125,49.619998931884766,54.459999084472656,28.940000534057617,50.5
"Monolithic Power Systems, Inc.",15.770000457763672,16.270000457763672,23.780000686645508,36.66999816894531,54.72999954223633,67.5999984741211,102.7699966430664,146.00999450683594,142.72000122070312,318.8999938964844,511.0899963378906
"Monolithic Power Systems, Inc.",15.199999809265137,24.59000015258789,38.380001068115234,53.400001525878906,66.88999938964844,96.4000015258789,137.27000427246094,152.91000366210938,320.92999267578125,557.8599853515625,342.2799987792969
"Monolithic Power Systems, Inc.",22.82999992370605,33.9900016784668,53.72999954223633,63.93999862670898,97.66000366210938,134.7100067138672,142.24000549316406,246.5599975585937,481.0400085449219,368.2799987792969,637.0399780273438
TE Connectivity plc,35.5,35.52000045776367,41.630001068115234,61.36000061035156,70.0,56.81999969482422,80.9000015258789,90.88999938964844,93.0,112.97000122070312,162.7899932861328
TE Connectivity plc,31.479999542236328,39.9900016784668,58.040000915527344,70.62999725341797,59.02999877929688,78.68000030517578,94.02999877929688,95.76000213623048,107.12999725341795,162.5399932861328,113.86000061035156
TE Connectivity plc,38.060001373291016,56.61000061035156,72.69000244140625,63.68999862670898,78.16999816894531,90.48999786376952,87.68000030517578,98.0500030517578,147.3000030517578,124.69000244140624,141.3300018310547
"Akamai Technologies, Inc.",47.13999938964844,38.060001373291016,34.54999923706055,54.41999816894531,77.73999786376953,55.5,47.310001373291016,76.9000015258789,91.33999633789062,102.80999755859376,117.91999816894533
"Akamai Technologies, Inc.",32.93000030517578,35.2599983215332,59.79999923706055,73.45999908447266,52.86000061035156,49.810001373291016,75.31999969482422,88.27999877929688,109.0500030517578,110.56999969482422,83.5
"Akamai Technologies, Inc.",42.15999984741211,56.63999938964844,72.08000183105469,51.34999847412109,48.060001373291016,74.44000244140625,84.01000213623047,108.94000244140624,106.31999969482422,90.91999816894533,119.4800033569336
HP Inc.,19.81380653381348,13.219799995422363,10.367847442626951,14.504995346069336,15.340599060058594,12.729999542236328,19.31999969482422,24.68000030517578,16.959999084472656,21.190000534057617,38.09999847412109
HP Inc.,12.08901023864746,7.465939998626709,13.387828826904297,15.17257022857666,12.199999809265137,17.479999542236328,23.739999771118164,18.989999771118164,19.559999465942383,31.93000030517578,27.06999969482422
HP Inc.,6.821072101593018,13.201635360717772,14.704813957214355,12.779999732971191,18.3700008392334,22.86000061035156,19.15999984741211,19.700000762939453,28.280000686645508,29.15999984741211,30.40999984741211
Gen Digital Inc.,17.15999984741211,18.020000457763672,24.51000022888184,20.809999465942383,24.739999771118164,20.459999084472656,28.8700008392334,20.01000022888184,23.479999542236328,18.290000915527344,26.1299991607666
Gen Digital Inc.,15.779999732971191,22.239999771118164,20.299999237060547,24.190000534057617,17.25,28.25,19.57999992370605,24.43000030517578,21.100000381469727,24.739999771118164,21.43000030517578
Gen Digital Inc.,19.5,20.89999961853028,23.690000534057617,18.1299991607666,29.950000762939453,20.88999938964844,20.34000015258789,23.049999237060547,25.299999237060547,23.049999237060547,23.21999931335449
"Synopsys, Inc.",26.84000015258789,30.25,34.88999938964844,37.58000183105469,50.0,53.77000045776367,77.1500015258789,102.44000244140624,136.8300018310547,216.0,375.5899963378906
"Synopsys, Inc.",26.989999771118164,34.36000061035156,39.75,47.0,51.27000045776367,72.93000030517578,92.33000183105467,135.25,228.02999877929688,347.9700012207031,317.95001220703125
"Synopsys, Inc.",32.279998779296875,39.77000045776367,46.369998931884766,49.2400016784668,73.52999877929688,86.4000015258789,124.7699966430664,205.3300018310547,306.260009765625,324.82000732421875,520.25
"Enphase Energy, Inc.",3.7899999618530273,6.690000057220459,13.09000015258789,2.5299999713897705,0.7300000190734863,7.139999866485596,27.450000762939453,67.70999908447266,172.9199981689453,308.1000061035156,137.33999633789062
Fair Isaac Corporation,23.030000686645508,38.97999954223633,45.65999984741211,53.45000076293945,87.7300033569336,113.91999816894533,139.61000061035156,236.9900054931641,311.9800109863281,486.1700134277344,434.8800048828125
Fair Isaac Corporation,36.61000061035156,45.2599983215332,53.290000915527344,92.33999633789062,109.43000030517578,139.41000366210938,212.02999877929688,326.20001220703125,437.010009765625,354.17999267578125,614.2999877929688
Fair Isaac Corporation,43.369998931884766,51.0,84.69999694824219,107.44000244140624,132.9600067138672,194.22000122070312,338.6499938964844,419.7000122070313,409.7999877929688,581.489990234375,1164.6199951171875
Western Digital Corporation,32.9900016784668,39.18999862670898,49.59999847412109,92.26000213623048,94.37000274658205,46.470001220703125,80.97000122070312,54.97999954223633,59.619998931884766,44.47999954223633,62.09000015258789
Western Digital Corporation,30.979999542236328,47.59999847412109,85.13999938964844,101.58000183105467,44.150001525878906,88.5999984741211,68.30000305175781,62.27000045776367,38.0,56.93000030517578,31.170000076293945
Western Digital Corporation,43.43999862670898,84.68000030517578,98.1999969482422,41.31999969482422,89.2699966430664,78.04000091552734,52.75,36.54999923706055,55.40999984741211,35.95000076293945,52.7599983215332
"Salesforce, Inc.",33.92250061035156,31.40250015258789,43.532501220703125,56.11000061035156,73.94999694824219,79.83000183105469,90.5,152.83999633789062,146.1699981689453,257.6400146484375,258.29998779296875
"Salesforce, Inc.",25.299999237060547,42.51250076293945,58.31999969482422,66.9000015258789,83.56999969482422,86.5999984741211,142.7100067138672,149.64999389648438,257.7200012207031,296.8399963378906,130.66000366210938
"Salesforce, Inc.",42.79249954223633,61.54999923706055,66.43000030517578,76.19000244140625,91.2699966430664,140.42999267578125,142.82000732421875,250.42999267578125,291.6600036621094,144.85000610351562,266.2200012207031
"Cisco Systems, Inc.",20.520000457763672,20.0,21.670000076293945,23.39999961853028,29.309999465942383,28.799999237060547,31.84000015258789,47.02999877929688,47.02999877929688,41.63999938964844,63.41999816894531
"Cisco Systems, Inc.",18.6299991607666,21.100000381469727,21.51000022888184,28.479999542236328,28.920000076293945,31.299999237060547,43.29999923706055,49.209999084472656,39.970001220703125,54.59999847412109,47.52999877929688
"Cisco Systems, Inc.",20.34000015258789,22.670000076293945,28.299999237060547,28.32999992370605,31.440000534057617,42.810001373291016,51.369998931884766,40.130001068115234,55.25,47.619998931884766,50.27999877929688
"First Solar, Inc.",131.1199951171875,49.02999877929688,26.93000030517578,69.20999908447266,51.27999877929688,48.4900016784668,48.56999969482422,48.45000076293945,55.25,86.91999816894531,87.86000061035156
"First Solar, Inc.",35.790000915527344,31.11000061035156,56.52000045776367,62.25,50.560001373291016,39.880001068115234,53.56999969482422,62.380001068115234,82.27999877929688,108.16000366210938,150.22000122070312
"First Solar, Inc.",31.989999771118164,49.83000183105469,60.220001220703125,60.52000045776367,37.93999862670898,53.04999923706055,62.0099983215332,71.69999694824219,105.11000061035156,165.38999938964844,171.94000244140625
"Analog Devices, Inc.",37.52000045776367,40.09999847412109,44.84999847412109,52.900001525878906,68.29000091552734,56.630001068115234,78.87000274658203,93.25,110.0,137.07000732421875,175.47000122070312
"Analog Devices, Inc.",36.02999877929688,44.38999938964844,50.68000030517578,63.720001220703125,58.27000045776367,77.80000305175781,97.37999725341795,113.9800033569336,123.9800033569336,185.5,162.1999969482422
"Analog Devices, Inc.",44.0,48.970001220703125,58.79999923706055,58.22999954223633,82.33999633789062,96.30999755859376,107.62999725341795,115.45999908447266,172.0399932861328,159.24000549316406,198.8699951171875
Broadcom Inc.,2.799999952316284,3.513000011444092,3.526000022888184,6.189000129699707,14.14900016784668,15.42199993133545,25.24399948120117,23.2549991607666,28.94300079345703,38.70000076293945,67.4280014038086
Broadcom Inc.,2.8949999809265137,3.496000051498413,6.341000080108643,12.303000450134276,15.357000350952148,23.30500030517578,21.69499969482422,29.444000244140625,37.99300003051758,55.32799911499024,55.354000091552734
Broadcom Inc.,3.253999948501587,5.6570000648498535,12.987000465393066,15.107000350952148,24.086000442504883,24.20499992370605,26.766000747680664,36.00299835205078,50.32500076293945,51.74399948120117,113.18900299072266
"Roper Technologies, Inc.",75.94000244140625,94.41999816894533,124.4800033569336,131.3800048828125,177.69000244140625,169.9199981689453,236.4600067138672,305.3900146484375,340.75,405.7200012207031,488.0199890136719
"Roper Technologies, Inc.",88.20999908447266,118.41999816894533,136.6300048828125,169.08999633789062,174.0800018310547,231.52999877929688,295.5799865722656,354.1099853515625,430.4500122070313,492.8599853515625,433.1499938964844
"Roper Technologies, Inc.",114.4800033569336,133.89999389648438,170.3800048828125,179.75,226.75,274.6000061035156,344.1300048828125,399.8999938964844,467.0899963378906,434.5,543.5499877929688
Adobe Inc.,31.51000022888184,32.650001525878906,41.060001373291016,64.30000305175781,80.16000366210938,95.31999969482422,148.44000244140625,267.0,269.239990234375,460.6099853515625,577.6799926757812
Adobe Inc.,28.56999969482422,38.06999969482422,68.16999816894531,73.91999816894531,99.61000061035156,141.44000244140625,254.1100006103516,276.1400146484375,501.1499938964844,673.5700073242188,335.0899963378906
Adobe Inc.,38.34000015258789,62.880001068115234,78.33000183105469,96.5199966430664,142.85000610351562,243.259994506836,280.3599853515625,479.4599914550781,610.0900268554688,321.489990234375,598.260009765625
"ServiceNow, Inc.",30.200000762939453,66.29000091552734,78.6500015258789,63.66999816894531,104.5199966430664,177.60000610351562,256.8099975585937,458.2000122070313,663.1799926757812,387.3800048828125,701.22998046875
Apple Inc.,11.831786155700684,17.61321449279785,16.275714874267578,18.97035789489746,33.0099983215332,23.97249984741211,39.70249938964844,55.962501525878906,58.81999969482422,113.8499984741211,180.3300018310547
Apple Inc.,14.686785697937012,16.722143173217773,18.812143325805664,31.89999961853028,24.905000686645508,36.005001068115234,52.26750183105469,54.17499923706055,120.70999908447266,161.02000427246094,130.02999877929688
Apple Inc.,19.608213424682617,18.559999465942383,31.237499237060547,26.727500915527344,38.46749877929688,46.79499816894531,48.334999084472656,117.31999969482422,144.83999633789062,148.00999450683594,193.0500030517578
"Palo Alto Networks, Inc.",17.07666778564453,21.920000076293945,48.04333114624024,46.7599983215332,39.21333312988281,69.8133316040039,71.51000213623047,79.46666717529297,169.28334045410156,170.6199951171875,300.82000732421875
"Broadridge Financial Solutions, Inc.",22.07999992370605,24.25,23.90999984741211,36.86000061035156,54.720001220703125,65.37000274658203,75.5999984741211,136.7100067138672,125.37999725341795,147.5800018310547,184.47999572753903
"Broadridge Financial Solutions, Inc.",22.670000076293945,22.36000061035156,37.47999954223633,53.150001525878906,64.83000183105469,75.55999755859375,116.1999969482422,125.0,143.27000427246094,174.07000732421875,135.47000122070312
"Broadridge Financial Solutions, Inc.",23.59000015258789,37.18999862670898,52.880001068115234,61.04999923706055,75.77999877929688,115.91000366210938,121.08000183105467,136.3800048828125,179.94000244140625,147.10000610351562,202.0200042724609
PTC Inc.,22.6299991607666,26.950000762939453,25.440000534057617,34.709999084472656,41.65999984741211,37.900001525878906,54.150001525878906,102.87000274658205,64.44999694824219,103.19000244140624,122.5999984741211
PTC Inc.,18.700000762939453,23.420000076293945,37.720001220703125,36.7599983215332,35.83000183105469,55.119998931884766,92.77999877929688,67.01000213623047,87.79000091552734,115.93000030517578,120.62000274658205
PTC Inc.,23.280000686645508,35.66999816894531,34.040000915527344,33.68000030517578,58.13999938964844,93.9000015258789,64.83000183105469,88.5999984741211,123.5,123.20999908447266,175.30999755859375
"Teradyne, Inc.",13.710000038146973,16.780000686645508,16.530000686645508,19.030000686645508,21.14999961853028,19.450000762939453,33.88999938964844,38.560001373291016,60.310001373291016,108.31999969482422,168.55999755859375
"Teradyne, Inc.",13.75,16.950000762939453,19.40999984741211,18.540000915527344,19.43000030517578,30.030000686645508,43.97999954223633,56.84999847412109,87.29000091552734,149.3800048828125,84.76000213623047
"Teradyne, Inc.",17.489999771118164,19.06999969482422,19.850000381469727,20.690000534057617,35.34000015258789,38.310001373291016,51.72999954223633,76.87000274658203,113.91999816894533,91.0999984741211,110.3499984741211
"Autodesk, Inc.",38.52999877929688,38.400001525878906,40.02999877929688,48.400001525878906,55.4900016784668,54.34000015258789,109.81999969482422,150.8699951171875,144.27000427246094,257.25,284.29998779296875
"Autodesk, Inc.",30.809999465942383,38.650001525878906,51.27999877929688,61.040000915527344,58.90999984741211,100.81999969482422,134.35000610351562,148.0500030517578,252.02999877929688,310.4800109863281,186.2899932861328
"Autodesk, Inc.",36.93999862670898,51.9900016784668,61.5,59.130001068115234,113.88999938964844,131.89999389648438,143.57000732421875,232.77999877929688,291.19000244140625,206.5,245.07000732421875
"Corpay, Inc.",29.979999542236328,36.75,69.45999908447266,113.41999816894533,153.6300048828125,142.75,142.4600067138672,217.2100067138672,293.8800048828125,254.6600036621093,223.1300048828125
"Corpay, Inc.",30.559999465942383,59.54999923706055,118.69000244140624,158.3699951171875,150.1999969482422,144.2100067138672,216.8500061035156,286.260009765625,246.509994506836,223.94000244140625,181.7400054931641
"Corpay, Inc.",55.18000030517578,116.4800033569336,150.16000366210938,152.07000732421875,141.05999755859375,212.5599975585937,266.739990234375,234.9600067138672,272.260009765625,188.8699951171875,278.75
Zebra Technologies Corporation,37.84000015258789,39.84000015258789,46.15999984741211,64.33999633789062,107.2300033569336,49.81999969482422,97.25,171.47999572753906,205.72999572753903,362.6900024414063,606.3300170898438
Zebra Technologies Corporation,35.720001220703125,43.70000076293945,69.5,96.12999725341795,51.7599983215332,100.5199966430664,142.14999389648438,192.63999938964844,287.3099975585937,602.969970703125,251.0
Zebra Technologies Corporation,40.959999084472656,54.619998931884766,88.9000015258789,64.3499984741211,106.3000030517578,148.27999877929688,199.6699981689453,255.1100006103516,515.8300170898438,257.0,275.5
Accenture plc,48.27000045776367,57.40999984741211,76.80999755859375,79.70999908447266,96.7699966430664,113.5199966430664,129.67999267578125,170.69000244140625,186.0399932861328,246.1999969482422,415.3299865722656
Accenture plc,52.95000076293945,72.94999694824219,83.38999938964844,93.2699966430664,118.5500030517578,123.68000030517578,160.5800018310547,189.6600036621093,228.7700042724609,363.2999877929688,265.3099975585937
Accenture plc,69.05999755859375,80.58000183105469,88.91000366210938,115.0999984741211,123.0999984741211,163.22999572753906,185.5500030517578,238.9100036621093,341.82000732421875,287.0199890136719,353.42999267578125
"F5, Inc.",132.07000732421875,125.75,90.23999786376952,108.7699966430664,125.95999908447266,113.5199966430664,120.0500030517578,191.1100006103516,137.1699981689453,162.1999969482422,243.32000732421875
"F5, Inc.",105.94000244140624,105.0,110.37000274658205,117.43000030517578,109.6500015258789,127.05999755859376,175.44000244140625,140.8800048828125,132.27000427246094,228.67999267578125,141.19000244140625
"F5, Inc.",101.11000061035156,107.27999877929688,113.2699966430664,95.76000213623048,127.58000183105467,174.47999572753906,134.61000061035156,123.3000030517578,204.3300018310547,152.7899932861328,180.22999572753903
"Fiserv, Inc.",14.609999656677246,16.22249984741211,21.2549991607666,28.59000015258789,40.38999938964844,54.45500183105469,62.040000915527344,80.79000091552734,106.19000244140624,112.0999984741211,103.94000244140624
"Fiserv, Inc.",14.640000343322754,19.989999771118164,29.084999084472656,39.08000183105469,51.994998931884766,61.16999816894531,76.9000015258789,103.69000244140624,101.80999755859376,95.70999908447266,100.81999969482422
"Fiserv, Inc.",20.31999969482422,27.614999771118164,39.334999084472656,50.369998931884766,62.2599983215332,74.73999786376953,100.4499969482422,96.43000030517578,109.8000030517578,99.37999725341795,132.58999633789062
Cognizant Technology Solutions Corporation,37.08000183105469,35.34000015258789,38.80500030517578,48.97999954223633,64.68000030517578,57.20000076293945,69.58999633789062,76.61000061035156,61.380001068115234,77.19999694824219,88.08999633789062
Cognizant Technology Solutions Corporation,32.86000061035156,39.255001068115234,51.04999923706055,61.13999938964844,62.59999847412109,66.4000015258789,78.48999786376953,64.73999786376953,73.72000122070312,81.38999938964844,56.47999954223633
Cognizant Technology Solutions Corporation,38.06999969482422,48.5,62.02999877929688,59.84999847412109,66.87999725341797,79.48999786376953,62.040000915527344,66.41000366210938,78.83000183105469,58.20000076293945,75.47000122070312
"EPAM Systems, Inc.",18.979999542236328,43.40999984741211,61.68999862670898,77.08000183105469,84.9000015258789,124.29000091552734,176.3800048828125,318.9200134277344,618.989990234375,335.3500061035156,301.0599975585937
"Fortinet, Inc.",3.496999979019165,5.24399995803833,4.8379998207092285,4.360000133514404,7.886000156402588,6.335999965667725,7.366000175476074,17.445999145507812,15.781999588012695,23.416000366210938,73.53399658203125
"Fortinet, Inc.",4.15399980545044,4.616000175476074,4.633999824523926,6.926000118255615,6.866000175476074,7.48799991607666,14.72599983215332,15.842000007629396,26.350000381469727,66.16000366210938,48.54999923706055
"Fortinet, Inc.",4.23799991607666,4.302000045776367,6.820000171661377,6.004000186920166,7.929999828338623,12.78600025177002,16.172000885009766,23.42200088500977,63.05799865722656,52.31999969482422,59.79999923706055
ON Semiconductor Corporation,10.229999542236328,9.5,8.1899995803833,9.56999969482422,13.010000228881836,8.779999732971191,16.329999923706055,19.200000762939453,19.11000061035156,28.40999984741211,69.77999877929688
ON Semiconductor Corporation,7.769999980926514,8.109999656677246,9.260000228881836,11.8100004196167,9.510000228881836,14.039999961853027,22.11000061035156,19.46999931335449,26.06999969482422,61.709999084472656,61.36000061035156
ON Semiconductor Corporation,7.369999885559082,9.039999961853027,12.84000015258789,9.579999923706056,15.5,22.59000015258789,17.850000381469727,21.81999969482422,43.33000183105469,71.1500015258789,85.47000122070312
Seagate Technology Holdings plc,14.779999732971191,26.68000030517578,35.290000915527344,55.68999862670898,55.34000015258789,24.030000686645508,33.47999954223633,48.97999954223633,55.18000030517578,56.91999816894531,113.61000061035156
Seagate Technology Holdings plc,16.43000030517578,34.7400016784668,50.720001220703125,59.13999938964844,21.479999542236328,38.75,54.22999954223633,55.33000183105469,51.34999847412109,101.62000274658205,52.060001373291016
Seagate Technology Holdings plc,31.950000762939453,49.52000045776367,54.84000015258789,25.32999992370605,43.11000061035156,57.61000061035156,44.43999862670898,46.22999954223633,81.98999786376953,54.09999847412109,85.87000274658203
NXP Semiconductors N.V.,22.01000022888184,21.989999771118164,29.71999931335449,60.09000015258789,110.70999908447266,77.97000122070312,112.95999908447266,89.56999969482422,109.80999755859376,155.91000366210938,232.77999877929688
NXP Semiconductors N.V.,16.010000228881836,30.479999542236328,58.40999984741211,101.02999877929688,91.9499969482422,109.4499969482422,96.29000091552734,107.86000061035156,136.8699951171875,221.8699951171875,153.77999877929688
NXP Semiconductors N.V.,27.82999992370605,52.04999923706055,104.37000274658205,82.88999938964844,107.9499969482422,108.8000030517578,96.9000015258789,124.23999786376952,189.8099975585937,168.85000610351562,231.9499969482422
International Business Machines Corporation,141.14723205566406,184.6367034912109,203.83364868164065,183.8145294189453,164.43594360351562,145.6501007080078,137.16061401367188,140.0478057861328,128.3556365966797,114.8087921142578,131.6199951171875
International Business Machines Corporation,178.10707092285156,190.95602416992188,177.6386260986328,158.85276794433594,145.0191192626953,147.06500244140625,139.6080322265625,138.67112731933594,119.397705078125,116.47000122070312,142.4199981689453
International Business Machines Corporation,187.7151031494141,169.45506286621094,150.17208862304688,137.66729736328125,146.46270751953125,133.70936584472656,134.56979370117188,116.88336181640624,138.25047302246094,146.67999267578125,163.2100067138672
"Juniper Networks, Inc.",37.15999984741211,23.18000030517578,20.209999084472656,25.420000076293945,27.809999465942383,22.350000381469727,28.290000915527344,27.5,23.989999771118164,21.90999984741211,35.11000061035156
"Juniper Networks, Inc.",21.040000915527344,22.3700008392334,25.36000061035156,24.13999938964844,23.059999465942383,27.8799991607666,26.270000457763672,24.51000022888184,22.5,32.400001525878906,31.780000686645508
"Juniper Networks, Inc.",20.549999237060547,27.25,23.65999984741211,23.46999931335449,29.440000534057617,27.75,25.15999984741211,23.229999542236328,28.600000381469727,31.8700008392334,29.59000015258789
Trimble Inc.,20.0049991607666,25.790000915527344,30.059999465942383,39.560001373291016,23.850000381469727,24.559999465942383,37.83000183105469,42.86000061035156,39.79999923706055,58.959999084472656,88.6500015258789
Trimble Inc.,20.815000534057617,30.045000076293945,38.47999954223633,25.520000457763672,24.700000762939453,35.66999816894531,39.060001373291016,38.36000061035156,52.290000915527344,86.91999816894531,49.02000045776367
Trimble Inc.,30.76000022888184,31.979999542236328,25.479999542236328,25.270000457763672,35.790000915527344,32.5,37.15999984741211,50.11000061035156,84.93000030517578,57.0099983215332,53.18999862670898
Lam Research Corporation,4.940999984741211,4.310999870300293,4.111000061035156,5.276999950408936,8.265999794006348,8.29800033569336,15.583999633789062,15.539999961853027,23.61000061035156,44.874000549316406,72.33999633789062
Lam Research Corporation,3.674999952316284,4.238999843597412,5.327000141143799,7.198999881744385,8.062000274658203,14.142999649047852,18.83099937438965,23.194000244140625,37.54899978637695,64.66999816894531,40.54600143432617
Lam Research Corporation,3.872999906539917,5.184999942779541,7.988999843597412,8.277000427246094,15.390000343322754,17.30500030517578,19.35300064086914,30.090999603271484,56.446998596191406,45.01499938964844,79.57099914550781
"Micron Technology, Inc.",8.4399995803833,8.15999984741211,9.18000030517578,25.31999969482422,28.1299991607666,12.5,28.59000015258789,43.59999847412109,45.5,64.18000030517578,94.43000030517578
"Micron Technology, Inc.",6.760000228881836,7.730000019073486,23.93000030517578,28.26000022888184,11.600000381469728,29.86000061035156,52.66999816894531,49.38999938964844,51.93999862670898,83.86000061035156,50.02000045776367
"Micron Technology, Inc.",6.630000114440918,24.51000022888184,28.51000022888184,10.720000267028809,29.43000030517578,54.47999954223633,41.93999862670898,45.150001525878906,67.68000030517578,57.15999984741211,87.05999755859375
QUALCOMM Incorporated,50.970001220703125,61.93999862670898,64.55999755859375,80.93000030517578,71.0199966430664,53.0,52.70000076293945,72.51000213623047,78.97000122070312,143.82000732421875,186.3300018310547
QUALCOMM Incorporated,55.27000045776367,66.54000091552734,77.0199966430664,68.63999938964844,55.97999954223633,55.220001220703125,65.7300033569336,78.70999908447266,128.5800018310547,181.3999938964844,109.45999908447266
QUALCOMM Incorporated,64.75,74.41000366210938,70.0,51.83000183105469,58.45000076293945,56.18000030517578,68.80000305175781,114.0199966430664,130.1999969482422,120.1999969482422,145.4600067138672
"NetApp, Inc.",57.380001068115234,41.11000061035156,34.11000061035156,35.939998626708984,33.02000045776367,24.290000915527344,42.7400016784668,85.12000274658203,54.02000045776367,53.560001373291016,93.33999633789062
"NetApp, Inc.",36.77999877929688,35.560001373291016,37.29999923706055,35.9900016784668,25.520000457763672,40.04999923706055,81.91999816894531,54.5099983215332,47.04999923706055,86.19000244140625,59.04999923706055
"NetApp, Inc.",34.29999923706055,42.81999969482422,37.15999984741211,24.440000534057617,40.959999084472656,79.18000030517578,45.15999984741211,46.56999969482422,94.41999816894533,72.5199966430664,89.37999725341797
"Applied Materials, Inc.",13.970000267028809,13.109999656677246,13.050000190734863,19.13999938964844,20.34000015258789,23.88999938964844,43.959999084472656,39.18000030517578,52.13999938964844,80.5,162.72000122070312
"Applied Materials, Inc.",10.699999809265137,13.300000190734863,18.979999542236328,21.76000022888184,23.65999984741211,41.310001373291016,49.47999954223633,50.18999862670898,63.5099983215332,147.5500030517578,95.33999633789062
"Applied Materials, Inc.",11.84000015258789,17.18000030517578,24.56999969482422,21.200000762939453,45.02000045776367,45.68000030517578,45.459999084472656,55.20000076293945,131.58999633789062,105.13999938964844,164.27999877929688
"Tyler Technologies, Inc.",20.459999084472656,37.84999847412109,58.4900016784668,78.26000213623047,124.9000015258789,164.8000030517578,169.77999877929688,249.92999267578125,268.0299987792969,413.5199890136719,532.5999755859375
"Tyler Technologies, Inc.",30.34000015258789,54.86000061035156,91.01000213623048,125.5,149.6699981689453,175.6699981689453,231.52999877929688,250.5399932861328,396.7000122070313,539.989990234375,320.8500061035156
"Tyler Technologies, Inc.",50.0,92.01000213623048,121.6500015258789,142.3800048828125,171.3800048828125,226.27999877929688,241.25,329.6300048828125,503.5799865722656,321.82000732421875,416.4100036621094
"Super Micro Computer, Inc.",1.1649999618530271,1.718000054359436,1.1740000247955322,1.89300000667572,3.4200000762939453,2.4570000171661377,2.700000047683716,1.976999998092652,1.955000042915344,2.936000108718872,4.47599983215332
"Super Micro Computer, Inc.",1.5800000429153442,1.2699999809265137,1.8329999446868896,3.7060000896453857,2.58899998664856,2.4649999141693115,2.1050000190734863,1.9290000200271609,2.7660000324249268,4.2170000076293945,8.288999557495117
"Super Micro Computer, Inc.",1.0499999523162842,2.095000028610229,3.638999938964844,2.7890000343322754,2.450000047683716,2.4549999237060547,1.63100004196167,2.617000102996826,3.5439999103546143,8.390999794006348,29.433000564575195
Oracle Corporation,31.479999542236328,28.88999938964844,36.040000915527344,40.2400016784668,44.13999938964844,40.86000061035156,49.63999938964844,48.91999816894531,55.060001373291016,56.08000183105469,89.54000091552734
Oracle Corporation,25.86000061035156,34.560001373291016,38.220001220703125,43.31999969482422,40.130001068115234,50.13999938964844,48.66999816894531,55.470001220703125,60.52000045776367,94.61000061035156,80.9800033569336
Oracle Corporation,34.689998626708984,37.18999862670898,43.40999984741211,41.060001373291016,45.20000076293945,44.95000076293945,53.7599983215332,56.95000076293945,95.33000183105467,79.81999969482422,106.19000244140624
"Fidelity National Information Services, Inc.",27.950000762939453,28.770000457763672,37.70000076293945,52.5099983215332,63.58000183105469,74.5,90.5500030517578,109.16000366210938,130.52999877929688,145.32000732421875,108.44000244140624
"Fidelity National Information Services, Inc.",26.690000534057617,37.08000183105469,53.45000076293945,63.93999862670898,73.68000030517578,85.4000015258789,104.77999877929688,131.36000061035156,143.8800048828125,107.87999725341795,67.2699966430664
"Fidelity National Information Services, Inc.",35.81999969482422,53.709999084472656,66.63999938964844,65.48999786376953,85.36000061035156,106.6999969482422,125.9499969482422,148.5,124.8000030517578,61.560001373291016,60.27000045776367
"Motorola Solutions, Inc.",39.77000045776367,47.880001068115234,61.63999938964844,62.5099983215332,59.060001373291016,66.01000213623047,89.19999694824219,127.44000244140624,175.72000122070312,169.3800048828125,268.9200134277344
"Motorola Solutions, Inc.",46.619998931884766,60.02000045776367,65.08000183105469,61.15999984741211,69.3499984741211,86.73999786376953,119.22000122070312,164.42999267578125,171.58999633789062,255.6199951171875,256.6300048828125
"Motorola Solutions, Inc.",56.20000076293945,64.5999984741211,65.86000061035156,75.97000122070312,82.2699966430664,116.51000213623048,168.72999572753906,153.57000732421875,239.8300018310547,262.3800048828125,310.0
NVIDIA Corporation,0.3942500054836273,0.4074999988079071,0.3137499988079071,0.4677500128746032,0.5460000038146973,1.1664999723434448,4.308750152587891,6.820000171661377,4.857250213623047,13.140000343322754,30.94499969482422
NVIDIA Corporation,0.3510000109672546,0.3072499930858612,0.445499986410141,0.5522500276565552,1.1292500495910645,3.614000082015991,6.350749969482422,4.579500198364258,13.970000267028809,31.95599937438965,14.121000289916992
NVIDIA Corporation,0.3179999887943268,0.3967500030994415,0.5742499828338623,0.9077500104904176,3.4565000534057617,6.056000232696533,3.7697501182556152,12.71500015258789,21.86199951171875,15.31700038909912,49.27899932861328
Amphenol Corporation,6.543749809265137,6.912499904632568,9.05875015258789,11.795000076293944,14.412500381469728,14.3125,19.4950008392334,24.177499771118164,24.65999984741211,32.01750183105469,43.46500015258789
Amphenol Corporation,5.744999885559082,8.686249732971191,11.404999732971191,14.609999656677246,14.414999961853027,18.45499992370605,23.49250030517578,22.39999961853028,28.59000015258789,42.130001068115234,38.17499923706055
Amphenol Corporation,8.510000228881836,10.920000076293944,14.827500343322754,14.577500343322754,18.64249992370605,21.77750015258789,21.552499771118164,26.69499969482422,38.53499984741211,39.78499984741211,49.744998931884766
Microchip Technology Incorporated,17.360000610351562,18.665000915527344,18.010000228881836,23.799999237060547,24.25,25.209999084472656,42.4900016784668,41.6150016784668,47.845001220703125,65.80999755859375,89.3499984741211
Microchip Technology Incorporated,17.8799991607666,16.969999313354492,23.34499931335449,24.80500030517578,25.084999084472656,38.59000015258789,47.79999923706055,46.28499984741211,55.66999816894531,82.69000244140625,69.02999877929688
Microchip Technology Incorporated,16.875,22.21999931335449,25.21500015258789,24.26000022888184,40.8849983215332,45.73500061035156,41.810001373291016,50.72499847412109,72.77999877929688,72.25,91.30999755859376
"Cadence Design Systems, Inc.",8.319999694824219,12.0,13.600000381469728,14.84000015258789,20.11000061035156,24.3799991607666,36.630001068115234,46.459999084472656,66.0,111.25,191.6499938964844
"Cadence Design Systems, Inc.",10.34000015258789,13.90999984741211,15.579999923706056,18.63999938964844,24.940000534057617,33.4900016784668,45.09000015258789,65.7699966430664,115.95999908447266,184.509994506836,160.0500030517578
"Cadence Design Systems, Inc.",14.0,14.010000228881836,18.520000457763672,23.6200008392334,34.7599983215332,43.77000045776367,67.5,104.33999633789062,155.77999877929688,161.86000061035156,274.9599914550781
"Automatic Data Processing, Inc.",41.158912658691406,47.91044616699219,56.38279342651367,66.77787780761719,85.91000366210938,92.75,112.16999816894533,147.0,163.8300018310547,172.05999755859375,246.2899932861328
"Automatic Data Processing, Inc.",47.813873291015625,53.11676788330078,68.91132354736328,84.80000305175781,87.5199966430664,102.45999908447266,135.55999755859375,164.3300018310547,147.38999938964844,236.82000732421875,241.02999877929688
"Automatic Data Processing, Inc.",51.26426696777344,65.75065612792969,87.3499984741211,90.73999786376952,101.16000366210938,134.86000061035156,159.75,137.25999450683594,212.97999572753903,257.6000061035156,232.5399932861328
Teledyne Technologies Incorporated,44.38999938964844,60.0,77.29000091552734,96.26000213623048,102.73999786376952,98.9000015258789,147.1300048828125,243.0500030517578,321.1099853515625,383.8599853515625,433.2900085449219
Teledyne Technologies Incorporated,55.81999969482422,69.19000244140625,98.4499969482422,108.77999877929688,96.30999755859376,127.6500015258789,226.3600006103516,305.5799865722656,327.6700134277344,438.760009765625,397.0299987792969
Teledyne Technologies Incorporated,66.66000366210938,90.5,100.9499969482422,91.16999816894533,131.02999877929688,200.1600036621093,282.07000732421875,312.4700012207031,429.3900146484375,404.8599853515625,437.4800109863281
"ANSYS, Inc.",52.34000015258789,64.2699966430664,80.06999969482422,74.72000122070312,89.83000183105469,90.6500015258789,124.9800033569336,186.7899932861328,220.8699951171875,313.4200134277344,411.2200012207031
"ANSYS, Inc.",57.38999938964844,74.58999633789062,75.69000244140625,86.51000213623047,87.9800033569336,121.68000030517578,175.66000366210938,210.3800048828125,351.70001220703125,396.9800109863281,236.8600006103516
"ANSYS, Inc.",70.05000305175781,81.0,86.44000244140625,90.94000244140624,126.20999908447266,176.0,190.1499938964844,320.04998779296875,358.8500061035156,241.27999877929688,360.8800048828125
"Jack Henry & Associates, Inc.",29.299999237060547,34.84000015258789,45.08000183105469,55.040000915527344,65.1500015258789,87.2300033569336,106.62000274658205,160.50999450683594,143.39999389648438,159.99000549316406,165.5500030517578
"Jack Henry & Associates, Inc.",33.84000015258789,44.06999969482422,56.880001068115234,67.0999984741211,83.62999725341797,103.87000274658205,139.77999877929688,142.66000366210938,162.30999755859375,153.17999267578125,178.89999389648438
"Jack Henry & Associates, Inc.",40.84999847412109,56.20000076293945,67.66999816894531,83.33000183105469,105.12999725341795,130.60000610351562,133.8000030517578,160.7100067138672,170.05999755859375,188.8099975585937,165.55999755859375
